month,Currency with non Bank ,Kwacha Demand Deposits,Narrow    Money (M1),Time and savings deposit,Forex Demand Deposits,  Broad Money (M2),Other  Forex  Deposits,Broad Money (M3)
Jan-03," 410,876.00 "," 832,018.00 ",1242929,867897,1479772,3590598,92380,3682978
Feb-03," 406,217.00 "," 832,582.00 ",1238907,873358,1481086,3593351,94921,3688272
Mar-03," 412,249.00 "," 829,468.00 ",1241863,887398,1439600,3568861,92214,3661075
Apr-03," 433,505.19 "," 903,678.75 ",1337273.941,857271.4697,1406097.2,3600642.611,87516.4,3688159.011
May-03," 480,518.20 "," 878,198.69 ",1358772.889,904014.4524,1416963.9,3679751.241,84724.7,3764475.941
Jun-03," 481,404.56 "," 934,544.50 ",1416031.064,903536.0436,1477240.7,3796807.807,87200.1,3884007.907
Jul-03," 513,605.70 "," 877,325.00 ",1391012.703,911078,1428218.5,3730309.203,108925,3839234.203
Aug-03," 530,306.00 "," 928,140.00 ",1458497,954229,1408734,3821460,83450,3904910
Sep-03," 528,643.00 "," 911,180.00 ",1439856,1007550,1524157,3971563,81291,4052854
Oct-03," 539,263.00 "," 991,088.00 ",1530412,986002,1448590,3965004,94287,4059291
Nov-03," 550,386.00 "," 982,500.00 ",1532956,1032859,1428850,3994665,102298,4096963
Dec-03," 592,451.00 "," 1,103,099.00 ",1695572,1153237,1491550,4340359,79473,4419832
Jan-04," 558,801.00 "," 1,124,002.00 ",1682911,1154169.926,1593564.7,4430645.626,85233,4515878.626
Feb-04," 557,383.00 "," 1,109,943.00 ",1667434,1155362.954,1601517.9,4424314.854,96422,4520736.854
Mar-04," 564,016.00 "," 1,131,125.00 ",1695195,1143398.658,1633534.1,4472127.758,145837,4617964.758
Apr-04," 607,054.00 "," 1,255,130.00 ",1862260,1150780.974,1646978.9,4660019.874,173091,4833110.874
May-04," 629,397.00 "," 1,268,153.00 ",1897654,1163480.818,1651260.5,4712395.318,218191,4930586.318
Jun-04," 701,501.00 "," 1,296,193.00 ",1997849,1213219.432,1831210,5042278.432,204139,5246417.432
Jul-04," 785,430.00 "," 1,309,161.00 ",2094717,1185960.77,1808484.1,5089161.87,266570,5355731.87
Aug-04," 769,033.00 "," 1,302,336.00 ",2071511,1192427.048,1858846,5122784.048,276451,5399235.048
Sep-04," 734,396.00 "," 1,274,950.00 ",2009555,1246001.239,1840065.3,5095621.539,282256,5377877.539
Oct-04," 733,238.00 "," 1,294,260.00 ",2027653.45,1309156.921,1754531,5091341.371,307158,5398499.371
Nov-04," 705,466.00 "," 1,303,039.00 ",2008575,1280365.362,1887954.5,5176894.862,292303,5469197.862
Dec-04," 729,579.00 "," 1,311,818.00 ",2041472.45,1335858.731,2084041,5461372.181,337461,5798833.181
Jan-05," 693,913.33 "," 1,306,997.47 ",2001041.799,1319894.972,1983449,5304385.771,328358,5632743.771
Feb-05," 666,498.00 "," 1,351,932.00 ",2018483,1294311,1877510,5190304,341017,5531321
Mar-05," 666,224.66 "," 1,295,121.79 ",1961375.447,1352894.488,1821850,5136119.935,332423,5468542.935
Apr-05," 720,155.36 "," 1,364,737.73 ",2084966.09,1311315.027,1778149,5174430.117,349556.7137,5523986.831
May-05," 735,587.33 "," 1,382,785.85 ",2118507.172,1362224.605,1887560,5368291.777,313676,5681967.777
Jun-05," 812,519.51 "," 1,409,920.12 ",2222567.63,1453816.538,1889168,5565552.168,307420,5872972.168
Jul-05," 876,029.47 "," 1,463,864.90 ",2340190.371,1514027.517,1881568,5735785.887,268558,6004343.887
Aug-05," 844,020.17 "," 1,453,461.34 ",2297595.508,1542217.124,1726988,5566800.632,326829,5893629.632
Sep-05," 838,307.83 "," 1,460,579.01 ",2298971.842,1545529.806,1799518,5644019.648,394981.8042,6039001.452
Oct-05," 804,066.01 "," 1,392,742.37 ",2196895.379,1487913.995,1873489,5558298.374,376301.1197,5934599.493
Nov-05," 767,010.00 "," 1,452,997.56 ",2220095.567,1486356.642,1604670,5311122.209,326082,5637204.209
Dec-05," 823,120.00 "," 1,456,988.00 ",2280283,1579650,1667550,5527483,283197,5810680
Jan-06," 739,409.00 "," 1,649,963.84 ",2389486.839,1602480,1578539,5570505.839,302143,5872648.839
Feb-06," 731,451.00 "," 1,617,503.25 ",2349081.248,1675317.948,1490450,5514849.195,275709,5790558.195
Mar-06," 742,700.24 "," 1,482,501.39 ",2225483.628,1726264.804,1510594.887,5462343.318,316962,5779305.318
Apr-06," 758,941.00 "," 1,491,548.17 ",2250601.169,1777771.236,1350571.438,5378943.843,282258.6283,5661202.471
May-06," 787,574.12 "," 1,528,297.05 ",2315974.177,1816807.523,1560956,5693737.7,297419,5991156.7
Jun-06," 864,493.24 "," 1,577,641.80 ",2442344.043,1839092.952,1609745,5891181.995,368360,6259541.995
Jul-06," 923,143.16 "," 1,687,566.87 ",2610855.032,1886729.943,1750185,6247769.975,410926,6658695.975
Aug-06," 970,141.96 "," 1,906,169.30 ",2876412.263,1921355.133,1863123.5,6660890.896,441009,7101899.896
Sep-06," 1,075,338.15 "," 2,047,851.22 ",3123550.377,2008880.022,2222566,7354996.4,317034,7672030.4
Oct-06," 1,010,646.27 "," 1,953,356.00 ",2964595.267,1884585.323,2115866,6965046.591,200755,7165801.591
Nov-06," 1,011,826.43 "," 2,074,928.00 ",3086852.426,2180091.731,2247264.5,7514208.657,232556,7746764.657
Dec-06," 1,071,150.65 "," 2,392,588.50 ",3464170.146,2299108.099,2453207,8216485.244,210387,8426872.244
Jan-07," 1,013,003.15 "," 2,069,552.72 ",3082757.871,2213649.562,2274504,7570911.434,353055.0669,7923966.501
Feb-07," 969,942.67 "," 2,071,462.61 ",3041533.286,2095300.966,2282419.5,7419253.752,392803.1877,7812056.94
Mar-07," 963,221.93 "," 1,998,074.45 ",2961612.377,2220563.908,2265018,7447194.286,304765.49,7751959.776
Apr-07," 1,011,359.77 "," 2,002,785.00 ",3014359.768,2116794,2284013.5,7415167.268,426393,7841560.268
May-07," 1,070,259.10 "," 2,046,024.56 ",3116647.665,2361326.318,2523120.5,8001094.483,345405,8346499.483
Jun-07," 1,168,100.10 "," 2,014,225.26 ",3182803.354,2330293.522,2586368.5,8099465.377,433354,8532819.377
Jul-07," 1,179,181.46 "," 2,269,410.14 ",3449104.601,2431778.68,2891736.5,8772619.781,331808,9104427.781
Aug-07," 1,286,753.53 "," 2,254,837.39 ",3542074.925,2410892.64,3033705,8986672.565,518475,9505147.565
Sep-07," 1,251,497.35 "," 2,226,198.00 ",3478506.351,2504371.052,2989716,8972593.402,546380,9518973.402
Oct-07," 1,218,689.58 "," 2,317,329.95 ",3536602.521,2564642.45,2773738,8874982.971,518356.8,9393339.771
Nov-07," 1,203,625.89 "," 2,470,496.66 ",3674809.552,2684385.949,2874908.5,9234104.002,542453.3338,9776557.336
Dec-07," 1,305,005.18 "," 2,867,535.55 ",4173143.73,2628579.799,3300851,10102574.53,564178.01,10666752.54
Jan-08," 1,189,750.54 "," 2,672,774.46 ",3863016.999,2669818.929,3430661,9963496.928,702341,10665837.93
Feb-08," 1,168,229.97 "," 2,496,841.17 ",3665475.146,2828816.402,3194371,9688662.548,594257,10282919.55
Mar-08," 1,177,557.42 "," 2,607,323.78 ",3785285.205,2867673.072,3196157,9849115.277,409585,10258700.28
Apr-08," 1,216,743.23 "," 2,612,777.27 ",3829854.499,2900902.464,2965532,9696288.963,502356,10198644.96
May-08," 1,296,988.79 "," 3,117,694.38 ",4415129.171,2937783.188,2961503,10314415.36,471901,10786316.36
Jun-08," 1,359,406.34 "," 3,037,269.31 ",4397197.65,2965225.358,3092040,10454463.01,355699,10810162.01
Jul-08," 1,498,075.91 "," 2,957,477.78 ",4455991.682,3205151.16,3157843,10818985.84,519228,11338213.84
Aug-08," 1,520,131.29 "," 2,967,845.51 ",4488579.801,3179102.369,3057335,10725017.17,635458,11360475.17
Sep-08," 1,469,773.70 "," 3,180,632.02 ",4650900.728,3028723.705,2867121.241,10546745.67,618477,11165222.67
Oct-08," 1,623,074.78 "," 3,379,735.33 ",5003423.114,3426869.047,3674606.691,12104898.85,636700,12741598.85
Nov-08," 1,582,962.68 "," 3,318,668.16 ",4902089.841,3571812.099,3483341.163,11957243.1,802591,12759834.1
Dec-08," 1,617,058.54 "," 3,484,355.80 ",5101804.343,3570969.271,3541643.54,12214417.16,777707.8488,12992125
Jan-09," 1,484,845.50 "," 3,159,006.12 ",4644716.625,3627918.85,3977643.968,12250279.44,778410.2229,13028689.67
Feb-09," 1,465,678.43 "," 3,312,232.01 ",4778359.448,3477298.66,4034843.924,12290502.03,906652.0222,13197154.05
Mar-09," 1,471,391.30 "," 3,003,153.49 ",4475073.783,3476706.555,4023445,11975225.34,1006782,12982007.34
Apr-09," 1,532,870.77 "," 2,877,531.16 ",4410952.928,3560960.941,3905826.572,11877740.44,986793.5388,12864533.98
May-09," 1,572,080.01 "," 3,061,424.68 ",4633976.687,3408095.868,3611931.711,11654004.27,926466.271,12580470.54
Jun-09," 1,586,813.70 "," 2,989,649.96 ",4577466.667,3430827.361,4107327.17,12115621.2,925070.271,13040691.47
Jul-09," 1,752,832.59 "," 3,182,160.08 ",4935824.666,3595441.473,4059271.147,12590537.29,850260.2275,13440797.51
Aug-09," 1,712,720.00 "," 3,309,506.34 ",5023586.339,3792524.078,3842454.492,12658564.91,743581.7557,13402146.66
Sep-09," 1,653,047.28 "," 3,356,634.15 ",5010380.427,3817579.002,3988214,12816173.43,711675,13527848.43
Oct-09," 1,673,168.88 "," 3,191,088.58 ",4864925.459,3916764.163,4244026,13025715.62,720146,13745861.62
Nov-09," 1,568,964.75 "," 3,358,997.95 ",4929557.708,3997894.582,4067002.862,12994455.15,855727.8607,13850183.01
Dec-09," 1,591,995.52 "," 3,428,070.35 ",5021564.863,4009596.609,4144710.183,13175871.66,853981.8605,14029853.52
Jan-10," 1,508,703.78 "," 3,494,080.26 ",5003564.044,4020010.152,3316364.065,12339938.26,795825.8623,13135764.12
Feb-10," 1,515,946.38 "," 3,677,002.10 ",5194019.476,4182473.719,3563697.424,12940190.62,771224.9526,13711415.57
Mar-10," 1,570,955.33 "," 3,780,944.18 ",5352831.505,4162146.444,3728779.372,13243757.32,740691.9526,13984449.27
Apr-10," 1,621,411.67 "," 3,779,182.55 ",5401064.225,4201540.398,4316251.709,13918856.33,766730.8572,14685587.19
May-10," 1,746,244.53 "," 4,266,424.25 ",6013434.777,4280890.709,4091875.488,14386200.97,594197.3493,14980398.32
Jun-10," 1,874,539.09 "," 5,547,847.57 ",7423069.662,4380871.017,3614869.862,15418810.54,647626.6616,16066437.2
Jul-10," 1,944,084.18 "," 4,716,949.82 ",6661750.003,4470043.011,4686081.948,15817874.96,619137.6472,16437012.61
Aug-10," 1,946,090.03 "," 4,816,685.89 ",6763486.914,4583975.132,4738094.219,16085556.27,665749.0606,16751305.33
Sep-10," 1,900,355.35 "," 4,576,140.74 ",6477236.09,4847319.599,5339772.733,16664328.42,682766.2615,17347094.68
Oct-10," 2,169,055.99 "," 4,170,033.72 ",6340008.711,4831267.519,4833419.265,16004695.49,894925.2519,16899620.75
Nov-10," 2,102,083.09 "," 4,744,199.18 ",6847348.277,4602118.823,5083494.334,16532961.43,1066288.557,17599249.99
Dec-10," 2,229,498.09 "," 4,853,644.26 ",7084210.347,4686702.376,5173789.834,16944702.56,973834.6616,17918537.22
Jan-11," 1,968,501.97 "," 5,641,740.88 ",7611256.85,4675370.7,5616465.248,17903092.8,1056909.492,18960002.29
Feb-11," 1,912,271.80 "," 4,622,488.34 ",6535542.138,5083989.715,5365699.522,16985231.37,1054645.942,18039877.32
Mar-11," 1,887,127.96 "," 4,480,176.56 ",6368269.516,5170515.374,5140955.004,16679739.89,708294.1715,17388034.07
Apr-11," 1,964,701.36 "," 4,519,529.25 ",6485016.612,4980059.164,5522468.579,16987544.35,928660.7796,17916205.13
May-11," 2,092,139.79 "," 5,013,691.57 ",7106428.362,5180422.764,5771678.855,18058529.98,803845.3974,18862375.38
Jun-11," 2,397,757.95 "," 5,155,502.24 ",7553957.19,5141602.494,5985218.703,18680778.39,1660950.458,20341728.85
Jul-11," 2,461,039.88 "," 5,090,212.17 ",7551811.045,5331398.213,6220695.604,19103904.86,1523109.994,20627014.86
Aug-11," 2,566,211.36 "," 5,495,585.53 ",8063075.895,5392639.426,6393706.154,19849421.48,1657689.061,21507110.54
Sep-11," 2,945,855.74 "," 5,370,838.17 ",8317512.91,5638831.018,5687372.169,19643716.1,1555178.035,21198894.13
Oct-11," 2,861,785.30 "," 5,643,006.29 ",8505488.585,5659065.928,5768014.975,19932569.49,1556649.118,21489218.61
Nov-11," 2,772,036.59 "," 5,357,742.92 ",8130761.51,5741076.12,6083962.68,19955800.31,1548522.206,21504322.51
Dec-11," 2,790,336.93 "," 5,554,543.47 ",8345829.394,5998682.8,5972309.733,20316821.93,1488920.138,21805742.07
Jan-12," 2,414,874.98 "," 5,690,900.39 ",8106642.369,5863817.465,5868875.438,19839335.27,1548522.206,21387857.48
Feb-12," 2,275,531.48 "," 5,679,386.97 ",7955802.458,6049891.368,6137369.193,20143063.02,1664897.003,21807960.02
Mar-12," 2,323,852.08 "," 5,705,476.35 ",8030516.433,6305053.123,6437229.158,20772798.71,1488531.395,22261330.11
Apr-12," 2,330,124.54 "," 5,095,632.88 ",7426980.42,6364171.645,7042974.962,20834127.03,1506907.112,22341034.14
May-12," 2,390,910.42 "," 5,309,934.41 ",7701971.823,6420074.171,6822999,20945044.99,1479695,22424739.99
Jun-12," 2,592,528.34 "," 6,152,377.15 ",8745745.49,6396073.724,6106576,21248395.21,1757012,23005407.21
Jul-12," 2,701,330.58 "," 6,591,315.56 ",9293438.14,6480696.343,5665215.028,21439349.51,1236903.993,22676253.5
Aug-12," 2,794,288.53 "," 7,638,466.96 ",10433766.49,6817093.662,4724819.436,21975679.59,1207901.564,23183581.15
Sep-12," 2,775,438.08 "," 7,389,702.41 ",10166151.49,6873167.026,4398387,21437705.52,1289544,22727249.52
Oct-12," 2,989,145.36 "," 7,727,203.08 ",10717152.44,7284030.4,4986431.778,22987614.62,1392340.975,24379955.59
Nov-12," 3,039,716.32 "," 7,851,355.41 ",10892070.72,8030903.165,4781343,23704316.89,1127053,24831369.89
Dec-12," 3,015,345.27 "," 8,236,879.46 ",11252720.73,10146633.96,5014508.804,26413863.5,1141295.06,27555158.56
Jan-13," 2,700,470.35 "," 8,394,268.60 ",11095394.95,8293429.334,4661594.074,24050418.36,1187425.574,25237843.93
Feb-13," 2,581,895.00 "," 8,723,129.01 ",11305795,9020400.232,5938278.656,26264473.89,1301250.587,27565724.48
Mar-13," 2,783,925.20 "," 8,278,798.29 ",11063753.69,8307931.27,5177356.566,24549041.53,1261565.809,25810607.34
Apr-13," 2,686,196.30 "," 8,148,060.45 ",10835625.92,8634127.838,5735488.386,25205242.15,1303255.559,26508497.71
May-13," 2,786,314.87 "," 8,223,692.63 ",11011566.5,8826143.583,5602087.928,25439798.02,1221139.945,26660937.96
Jun-13," 3,086,328.20 "," 8,442,824.38 ",11530688.58,8937400.451,4792430,25260519.03,2536762,27797281.03
Jul-13," 3,167,301.44 "," 8,218,929.67 ",11387610.1,9367935.839,5487858,26243403.94,2420518,28663921.94
Aug-13," 3,306,900.84 "," 7,876,531.21 ",11185108.05,9716898.39,5900792,26802798.44,2447254,29250052.44
Sep-13," 3,202,876.28 "," 8,957,571.22 ",12162517.41,9617980.833,5727234.993,27507733.24,1444960.97,28952694.21
Oct-13," 3,354,327.56 "," 9,144,279.41 ",12500146.97,9872779.494,5647721,28020647.46,1557903,29578550.46
Nov-13," 3,425,436.26 "," 9,149,805.84 ",12576597.1,9978724.809,5416340.281,27971662.19,1496629.286,29468291.48
Dec-13," 3,443,179.94 "," 9,636,038.73 ",13080361.51,10369452.23,6090370.636,29540184.38,1503175.445,31043359.83
Jan-14," 3,159,086.90 "," 10,102,264.21 ",13261351.1,10417320.17,6468163.072,30146834.35,1494045.65,31640880
Feb-14," 3,130,293.41 "," 10,412,090.27 ",13542383.68,10668651.58,6563709.544,30774744.8,1584106.176,32358850.98
Mar-14," 3,236,787.12 "," 10,509,019.27 ",13745806.39,10781842.08,7325452.162,31853100.63,1577636.593,33430737.22
Apr-14," 3,376,593.96 "," 10,277,291.29 ",13653885.25,10784962.95,8152042.126,32590890.33,1793797.282,34384687.61
May-14," 3,515,408.74 "," 9,111,427.66 ",12626836.4,10576128.17,9783625.298,32986589.87,1971641.11,34958230.98
Jun-14," 3,675,782.20 "," 8,586,367.27 ",12262149.46,10436571.34,7598314.885,30297035.69,2388693.518,32685729.21
Jul-14," 3,782,289.04 "," 8,215,454.74 ",11997743.78,10834319.2,7357763.725,30189826.71,2314641.617,32504468.32
Aug-14," 3,914,766.17 "," 8,768,516.33 ",12683282.5,10957479.64,7595944.251,31236706.39,2048089.529,33284795.92
Sep-14," 3,793,344.08 "," 9,164,850.54 ",12958194.62,10875760.5,7500222.273,31334177.4,2286354.56,33620531.96
Oct-14," 3,815,045.00 "," 9,027,186.77 ",12842231.77,11013348.78,7802437.056,31658017.6,2175665.654,33833683.26
Nov-14," 3,722,479.17 "," 9,086,678.99 ",12809158.16,10776816.86,8232401.724,31818376.75,1978423.511,33796800.26
Dec-14," 4,188,276.98 "," 9,348,778.21 ",13537055.19,11483300.03,7859736.923,32880092.14,2079054.779,34959146.92
Jan-15," 4,072,057.50 "," 9,491,882.78 ",13563940.27,12040165.21,8171417,33775522.48,2065002,35840524.48
Feb-15," 3,820,046.42 "," 9,411,405.73 ",13231452.15,11670491,8949636.746,33851579.89,1949006.35,35800586.24
Mar-15," 3,800,014.50 "," 8,697,211.69 ",12497226.19,12202027.58,10380351.5,35079605.27,2396032.418,37475637.69
Apr-15," 3,908,020.88 "," 8,708,692.55 ",12616713.43,11716484.57,9638092.118,33971290.11,2564850.792,36536140.91
May-15," 3,961,112.55 "," 9,570,232.19 ",13531344.74,11331476.81,10134560.51,34997382.06,2503186.083,37500568.14
Jun-15," 4,091,119.47 "," 8,739,951.15 ",12831070.62,11875758.91,9607895.166,34314724.7,2548219.643,36862944.35
Jul-15," 4,336,970.23 "," 9,095,976.00 ",13432946.23,11705398.94,9685113.663,34823458.83,2626823.851,37450282.68
Aug-15," 4,539,705.19 "," 9,763,437.46 ",14303142.65,11636603.87,13281427.43,39221173.94,3178637.906,42399811.85
Sep-15," 4,565,292.33 "," 9,290,549.31 ",13855841.64,11470329.51,17153443.7,42479614.85,4085813.192,46565428.04
Oct-15," 5,161,021.00 "," 9,799,877.10 ",14960898.1,11665554.32,18966803.78,45593256.2,4577115.455,50170371.65
Nov-15," 4,819,138.01 "," 9,460,451.38 ",14279589.4,11965859.97,16326901.55,42572350.92,3743851.113,46316202.03
Dec-15," 4,712,708.00 "," 9,434,380.05 ",14147088.05,12352848.38,14561363.03,41061299.46,6200835.274,47262134.73
Jan-16," 4,210,601.10 "," 8,665,767.33 ",12876368.43,11827375.62,15043680.71,39747424.76,5778760.18,45526184.94
Feb-16," 4,012,590.00 "," 8,915,150.45 ",12927740.45,11804374.27,15423732.1,40155846.81,5615471.659,45771318.47
Mar-16," 4,075,426.60 "," 8,674,865.47 ",12750292.07,12097361.41,15438653.5,40286306.99,4654795.675,44941102.66
Apr-16," 4,225,706.61 "," 9,043,931.10 ",13269637.7,11705075.07,13765065.3,38739778.08,5104340.016,43844118.09
May-16," 4,336,031.91 "," 8,964,551.65 ",13300583.55,11942051.46,15900662.48,41143297.5,4586059.928,45729357.43
Jun-16," 4,836,554.17 "," 8,584,728.84 ",13421283.01,12331416.03,14870839.51,40623538.55,3506297.48,44129836.03
Jul-16," 5,156,594.09 "," 9,629,336.45 ",14785930.53,11982417.52,15584860.13,42353208.19,4025174.879,46378383.07
Aug-16," 4,959,748.16 "," 9,814,875.54 ",14774623.7,12204951.07,12843127.48,39822702.25,3930545.649,43753247.9
Sep-16," 4,577,069.60 "," 9,617,281.32 ",14194350.93,12328283.84,13932237.5,40454872.27,3763146.656,44218018.92
Oct-16," 4,576,821.54 "," 9,976,356.07 ",14553177.61,12683288.94,13327361.11,40563827.66,3675867.721,44239695.38
Nov-16," 4,621,984.93 "," 10,938,126.64 ",15560111.56,12478707.37,14752468.72,42791287.65,3834146.039,46625433.69
Dec-16," 4,781,558.84 "," 10,908,853.09 ",15690411.94,11826111.52,13601547.8,41118071.25,3449047.774,44567119.02
Jan-17," 4,450,022.52 "," 9,927,426.92 ",14377449.44,11715171.14,13735798.89,39828419.48,4574007.668,44402427.14
Feb-17," 4,290,306.55 "," 11,009,548.13 ",15299854.68,13301223.57,13005738.85,41606817.1,3908589.104,45515406.21
Mar-17," 4,355,692.00 "," 10,660,520.59 ",15016212.59,14746620.74,13362923.67,43125757,3721018.56,46846775.56
Apr-17," 4,454,463.71 "," 10,578,387.03 ",15032850.74,14607391.88,12788791.51,42429034.14,4149885.562,46578919.7
May-17," 4,551,282.72 "," 10,903,392.39 ",15454675.1,15368487.93,12430734.88,43253897.91,4001748.598,47255646.51
Jun-17," 4,963,562.44 "," 10,727,466.95 ",15691029.39,15363141.93,13117030.56,44171201.88,3617097.51,47788299.39
Jul-17," 4,938,121.63 "," 11,356,242.40 ",16294364.03,15099755.06,11876652.37,43270771.46,3621576.918,46892348.38
Aug-17," 4,987,690.63 "," 11,606,198.49 ",16593889.13,15765268.14,13206336.75,45565494.02,3828201.446,49393695.47
Sep-17," 5,242,193.10 "," 11,579,522.09 ",16821715.18,16094096.65,13119033.73,46034845.56,4048870.763,50083716.32
Oct-17," 5,243,269.39 "," 12,343,031.89 ",17586301.28,15475901.77,13450986.93,46513189.99,4241598.325,50754788.31
Nov-17," 5,159,935.72 "," 13,097,943.16 ",18257878.88,14967862.46,13818533.59,47044274.93,4858808.368,51903083.3
Dec-17," 5,669,383.37 "," 13,412,827.79 ",19082211.15,15555359.18,14980624.05,49618194.39,4466743.494,54084937.88
Jan-18,"5,179,436.38","13,448,180.91",18627616.88,15590614.66,14499027.14,48717258.68,4415795.954,53133054.63
Feb-18,"4,947,604.35","12,040,826.84",16988431.19,16040974.65,15536552.69,48565958.53,4825468.853,53391427.38
Mar-18,"5,241,642.55","11,505,738.75",16747381.3,16170344.75,14540748.66,47458474.71,4012439,51470913.71
Apr-18,"5,394,439.14","11,741,207.16",17135646.3,16339524.15,15260580.6,48735751.06,4059140.545,52794891.6
May-18,"5,811,368.21","12,647,702.47",18459070.67,16405658.1,16101875.06,50966603.83,4393151.088,55359754.92
Jun-18,"6,168,722.10","12,642,557.95",18811280.05,15014791.3,15800552.84,49626624.19,5625823.596,55252447.79
Jul-18,"5,812,715.93","14,209,688.19",20022404.12,15468610.41,15320556.15,50811570.68,4281822.141,55093392.82
Aug-18,"6,096,691.06","14,534,248.46",20630939.52,15189524.99,15598680.37,51419144.88,4234558.402,55653703.28
Sep-18,"6,207,997.67","15,128,080.82",21336078.49,16165722.54,19372140.76,56873941.8,5559401.246,62433343.05
Oct-18,"6,362,219.00","13,842,267.99",20204486.99,14911460.09,17751445.68,52867392.76,5176199.352,58043592.11
Nov-18,"6,176,661.22","14,573,827.76",20750488.99,15848645.82,18730038.46,55329173.27,5498586.774,60827760.05
Dec-18,"6,500,341.71","15,248,689.03",21749030.74,15889152.79,19637485.92,57275669.45,5721395.677,62997065.12
Jan-19,"5,789,908.93","14,314,391.00",20104299.93,16122795.87,20494815.17,56721910.97,7153235.796,63875146.76
Feb-19,"5,428,353.42","14,321,309.73",19749663.15,16494736.52,19597113.12,55841512.78,5951612.504,61793125.29
Mar-19,"5,649,101.99","14,177,121.28",19826223.27,16056529.54,18969404.01,54852156.82,5658963.147,60511119.97
Apr-19,"5,869,264.20","14,335,553.26",20204817.46,16610273.14,19835488.65,56650579.24,5816059.604,62466638.85
May-19,"6,371,039.23","14,956,062.58",21327101.82,16816376.15,20969510.23,59112988.2,5688126.753,64801114.95
Jun-19,"6,775,641.60","14,307,051.67",21082693.27,16715227.04,20326220.65,58124140.97,5612034.035,63736175
Jul-19,"6,964,682.58","14,705,896.31",21670578.89,17038122.15,18981889.56,57690590.61,5977970.585,63668561.19
Aug-19,"7,205,272.19","14,333,450.55",21538722.74,17527717.68,20772416.5,59838856.92,5634141.137,65472998.05
Sep-19,"6,816,054.01","14,081,178.70",20897232.72,18309949.01,20919328.24,60126509.98,6033444.333,66159954.31
Oct-19,"6,613,706.18","14,973,386.95",21587093.13,17908155.19,19335439.93,58830688.25,6601128.308,65431816.55
Nov-19,"6,829,668.05","14,441,983.71",21271651.76,18450475.61,21551442.94,61273570.31,6727247.811,68000818.12
Dec-19,"6,791,140.33","15,997,283.23",22788423.57,19201251.84,22264234.67,64253910.08,6646270.581,70900180.66
Jan-20,"6,441,613.21","15,313,745.16",21755358.37,19331213.89,23100549.77,64187122.03,6649187.421,70836309.45
Feb-20,"6,167,910.67","15,305,359.14",21473269.81,19635381.75,24443014.77,65551666.33,7069919.694,72621586.03
Mar-20,"6,707,073.02","15,246,800.31",21953873.32,19809460.17,29673557.22,71436890.71,8212005.11,79648895.82
Apr-20,"7,009,466.85","16,167,733.79",23177200.65,20792222.99,28702862.37,72672286.01,8635878.825,81308164.83
May-20,"7,966,153.15","16,306,361.73",24272514.87,20725525.84,30639589.83,75637630.54,7936719.797,83574350.34
Jun-20,"8,799,636.16","17,273,880.79",26073516.95,21332516.09,27558020.79,74964053.83,7537657.389,82501711.21
Jul-20,"9,198,599.62","18,680,144.84",27878744.46,22099705.71,30099068.32,80077518.5,7738928.329,87816446.83
Aug-20,"9,557,218.06","20,218,167.06",29775385.11,21641886.07,33228756.26,84646027.44,8721252.731,93367280.17
Sep-20,"9,511,722.24","20,520,511.30",30032233.53,22427084.68,34709764.23,87169082.45,9727050.648,96896133.09
Oct-20,"9,750,525.25","22,667,330.43",32417855.68,21752971.56,35821051.87,89991879.11,8834324.721,98826203.83
Nov-20,"8,967,636.98","23,663,870.88",32631507.85,21337009.88,37616130.95,91584648.67,8600300.692,100184949.4
Dec-20,"9,838,191.15","23,557,279.84",33395470.99,23107910.98,38105778.02,94609159.99,9219581.063,103828741.1
Jan-21,"9,565,686.90","23,054,920.71",32620607.61,21248769.93,41678982.84,95548360.38,9673381.48,105221741.9
Feb-21,"9,492,528.37","23,860,611.68",33353140.04,20778421.47,41133887,95265448.51,10148515.43,105413963.9
Mar-21,"9,934,203.44","24,840,783.47",34774986.9,23433537.87,41185047.1,99393571.88,11782214.26,111175786.1
Apr-21,"10,049,221.05","26,599,202.75",36648423.8,23025674.53,45835410.88,105509509.2,11065019.8,116574529
May-21,"12,320,449.09","24,433,131.09",36753580.18,24294671.17,47207240.4,108255491.8,10586091.04,118841582.8
Jun-21,"12,714,705.61","25,085,193.94",37799899.56,24315052.45,50360985.24,112475937.2,9856659.779,122332597
Jul-21,"13,387,339.67","28,119,504.45",41506844.12,24411170.26,38737093.92,104655108.3,9262690.014,113917798.3
Aug-21,"14,223,591.33","30,399,492.18",44623083.51,26410615.36,30924818.66,101958517.5,6141762.444,108100280
Sep-21,"12,679,091.39","28,145,185.71",40824277.1,25429571.28,33022654.58,99276502.97,6165251.319,105441754.3
Oct-21,"12,212,628.56","27,348,298.02",39560926.59,25494517.24,36112289.47,101167733.3,6493527.689,107661261
Nov-21,"11,517,391.46","28,278,717.47",39796108.93,24577725.23,38545074.89,102918909,6668755.923,109587665
Dec-21,"9,230,960.40","30,599,561.98",39830522.38,27595692.62,33550908.5,100977123.5,6648660.653,107625784.2
Jan-22,"11,933,706.44","29,518,527.28",41452233.72,26206453.89,36162037.99,103820725.6,6693803.708,110514529.3
Feb-22,"10,460,565.98","29,827,237.32",40287803.31,26403156.47,34880249.01,101571208.8,6742721.704,108313930.5
Mar-22,"10,431,271.25","29,362,505.51",39793776.76,27292143.94,36892910.73,103978831.4,6929131.76,110907963.2
Apr-22,"10,773,245.51","31,242,697.88",42015943.39,27436575.06,37055913.02,106508431.5,6676931.772,113185363.2
May-22,"11,496,605.11","31,739,300.05",43235905.16,29841736.76,35307426.49,108385068.4,7525433.284,115910501.7
Jun-22,"12,399,119.43","31,588,208.02",43987327.45,29080678.95,35164041.42,108232047.8,7683123.342,115915171.2
Jul-22,"12,393,742.33","31,986,585.53",44380327.87,31620450.37,36029803.03,112030581.3,7394654.766,119425236
Aug-22,"12,489,851.41","33,412,740.52",45902591.93,33469587.15,33794041.17,113166220.3,7339848.013,120506068.3
Sep-22,"12,479,115.59","35,000,735.22",47479850.81,32934598.12,34794303.28,115208752.2,6893671.99,122102424.2
Oct-22,"12,330,122.25","33,925,144.86",46255267.1,32748678.03,35213828.46,114217773.6,6965980.475,121183754.1
Nov-22,"11,837,581.53","35,794,226.56",47631808.09,31402045.18,37676317.43,116710170.7,7871009.007,124581179.7
Dec-22,"12,265,525.92","38,703,033.42",50968559.35,31365457.84,39812659.99,122146677.2,11851614.8,133998292
Jan-23,"11,180,546.45","35,822,638.19",47003184.64,31019643.68,43180352.99,121203181.3,12214397.77,133417579.1
Feb-23,"11,264,768.93","36,151,517.70",47416286.63,34386042.13,45674511.72,127476840.5,13046348.7,140523189.2
Mar-23,"10,846,617.77","35,275,463.49",46122081.26,36217912.98,48260675.33,130600669.6,13561388.53,144162058.1
Apr-23,"11,796,591.54","36,560,383.38",48356974.92,34861495.58,40833716.23,124052186.7,11305862.74,135358049.5
May-23,"12,757,817.03","43,642,155.72",56399972.74,35952504.68,43864384.3,136216861.7,12557419.03,148774280.8
Jun-23,"14,087,928.41","39,038,056.59",53125985,34410769.97,37384017.43,124920772.4,12557419.03,137478191.4
Jul-23,"14,378,549.36","38,818,481.25",53197030.61,34859351.4,40123755.29,128180137.3,13078159.98,141258297.3
Aug-23,"15,128,411.06","42,433,555.38",57561966.44,36292407.73,43285685.72,137140059.9,12699794.04,149839853.9
Sep-23,"15,423,145.09","42,258,714.48",57681859.56,35751683.33,46698122.74,140131665.6,13564541.37,153696207
Oct-23,"14,610,688.23","42,009,326.12",56620014.36,35454061.19,46707714.15,138781789.7,15177057.48,153958847.2
